phase,cmd_rpm,rpm,rpm_sd,gpm,gpm_sd,watts,watts_sd,samples,no_flow
down,1375,1375.0,0.0,18.0,0.0,166.7,0.47,22,False
down,1350,1350.0,0.0,17.59,0.49,159.4,0.49,27,False
down,1300,1300.0,0.0,15.42,0.49,145.2,0.41,19,False
down,1275,1275.0,0.0,15.0,0.0,138.7,0.47,27,False
down,1250,1250.0,0.0,13.91,0.28,131.3,0.56,23,False
down,1200,1200.0,0.0,12.96,0.2,118.9,0.28,23,False
down,1175,1175.0,0.0,11.44,0.5,112.7,0.46,27,False
down,1125,1125.0,0.0,9.75,0.43,101.0,0.0,16,False
down,1100,1100.0,0.0,9.0,0.0,95.8,0.42,27,False
down,1050,1050.0,0.0,7.94,0.23,85.8,0.37,18,False
down,1025,1025.0,0.0,7.2,0.4,80.9,0.27,25,False
down,975,975.0,0.0,6.48,0.5,72.0,0.0,27,False
down,950,950.0,0.0,6.15,0.45,67.8,0.39,27,False
down,900,900.0,0.0,2.0,0.0,58.2,0.39,21,False
down,875,875.0,0.0,1.89,0.31,54.4,0.49,27,False
down,850,850.0,0.0,1.0,0.0,50.8,0.4,15,False
down,800,800.0,0.0,1.0,0.0,44.4,0.5,26,True
up,825,825.0,0.0,1.0,0.0,47.7,0.47,21,True
up,850,850.0,0.0,1.15,0.36,50.9,0.36,27,True
up,875,875.0,0.0,1.96,0.19,54.2,0.42,26,True
up,900,900.0,0.0,2.0,0.0,58.1,0.28,24,True
up,925,925.0,0.0,4.04,0.19,63.0,0.0,26,True
up,950,950.0,0.0,6.0,0.0,67.8,0.39,21,True
up,975,975.0,0.0,6.7,0.46,72.0,0.0,27,True
up,1000,999.0,0.0,7.0,0.0,76.4,0.5,27,True
up,1025,1025.0,0.0,7.15,0.36,81.0,0.0,27,True
up,1050,1050.0,0.0,7.96,0.2,85.7,0.48,23,True
up,1075,1075.0,0.0,8.16,0.37,90.7,0.45,25,True
up,1100,1100.0,0.0,9.0,0.0,96.0,0.19,27,True
up,1125,1125.0,0.0,9.43,0.49,101.2,0.39,21,True
up,1150,1150.0,0.0,10.11,0.31,106.8,0.39,27,True
up,1175,1175.0,0.0,11.13,0.34,112.5,0.5,15,True
up,1200,1200.0,0.0,12.74,0.44,118.5,0.5,27,True
up,1225,1225.0,0.0,13.0,0.0,125.2,0.43,24,True
up,1250,1250.0,0.0,13.83,0.38,131.5,0.5,23,False
